time,seconds_elapsed,z,y,x
1639030313819762400,0.0,-3.713371703588962,-3.22164850910902,1.058755020183325
1639030313839910100,0.020147705078130684,-4.049285912197828,-2.93924903306663,1.083318310488388
1639030313860057300,0.04029492187500239,-3.254835908439756,-2.9337504356503485,-1.4370982114598154
1639030313880204500,0.060442138671881196,-2.2231761081919075,-2.85455941003561,-3.0120187934622167
1639030313900352500,0.08059008789062716,-0.16678747600317,-2.3855916527211667,-2.254337262392044
1639030313920499200,0.10073681640625409,3.455077325755357,-1.9944851337224243,-0.2991489142587408
1639030313940647400,0.12088500976562955,5.677892491680384,-2.806105467990041,1.7063146730631589
1639030313960794400,0.14103198242187887,6.585753186041116,-3.154465316674113,2.610308170601725
1639030313980942600,0.16118017578125432,5.296316017571091,-2.792549820846319,2.075292654623091
1639030314001089300,0.18132690429688125,2.613027950954437,-3.1838404642403124,1.642003236672282
1639030314021237200,0.20147485351562722,-0.1203606558710336,-3.0224843656361102,0.8808024454347789
1639030314041384400,0.22162207031250603,2.642567933693528,-0.9579133037745952,-0.2822348600652068
1639030314061532200,0.2417697753906296,3.454841763433814,2.428441198888421,1.4481982821449635
1639030314081679400,0.2619169921875013,3.083807726126909,3.1291958508610724,2.594936998468637
1639030314101827300,0.2820649414062544,4.295226419892907,2.6497037769228218,2.076693461331725
1639030314121974500,0.3022121582031261,4.5617391754955054,1.9380279179632665,1.1667229352101682
1639030314142121200,0.322358886718753,3.698254798477888,2.646697580844164,0.9764335875883696
1639030314162269400,0.34250708007812847,2.8863492175281045,4.006612891641259,1.3224857438519595
1639030314182416400,0.3626540527343778,2.8432956732213497,4.4656350090026855,1.2007780572861433
1639030314202564400,0.38280200195313085,2.593246561163664,4.752442364615201,0.8953136397376656
1639030314222711300,0.4029487304687507,1.2322294266045093,5.456580813807249,0.2256900390878319
1639030314242859300,0.42309692382812614,0.0147077397882938,4.806980595010518,-0.966746306310594
1639030314263006500,0.44324389648437545,-1.6897405548810958,3.891829159119725,-1.3858186905995011
1639030314283154400,0.4633920898437509,-3.397905239725113,3.3912381830513474,-1.868152125443518
1639030314303301400,0.48353881835937784,2.209817737185955,5.078681566905975,0.1872910425886511
1639030314323449300,0.5036870117187533,2.8151772477179766,8.43432119783163,5.829660677728056
1639030314343596500,0.5238339843750026,1.4416741410732268,-0.3719651806771755,7.506783158576488
1639030314363744300,0.5439816894531262,-8.114068668735026,-18.050135322242973,-1.5532041324958203
1639030314383891500,0.564128906250005,5.734412251281738,-27.026482499337195,-9.002595717072486
1639030314404039400,0.584276855468751,1.3708479159608482,-0.7132844631999731,-1.7546290605075656
1639030314424186400,0.6044238281250003,-0.0403349329978227,8.543525668916105,3.432569725871086
1639030314444333300,0.6245708007812496,1.126019753421843,7.943488230189681,5.031442845869064
1639030314464481300,0.6447187500000027,1.8065838502809404,5.6345870184391735,5.142296837726235
1639030314484628500,0.6648659667968744,2.535839497333765,0.0813467423439025,4.6345817088663575
1639030314504776400,0.6850139160156274,2.911820927914977,-5.395211276087164,3.8672979444533584
1639030314524927700,0.7051652832031294,3.188044345670938,-6.767803697627782,0.5312836359739304
1639030314545075700,0.7253132324218754,1.584392320833355,-0.7084376076906919,-3.2148359064847227
1639030314565222400,0.7454599609375023,0.8739414736241101,1.6245570118308066,-3.477271621906757
1639030314585370600,0.7656081542968778,1.7794985672175885,2.789654099404812,-3.1748806204542515
1639030314605517600,0.7857551269531271,2.739087110728025,2.195554234033823,-2.924027206276357
1639030314625665800,0.8059033203125026,2.052402631292492,1.059039682343602,-2.4843627003356814
1639030314645812500,0.8260500488281295,0.5600117908734827,0.5753168389678001,-1.617806660787761
1639030314665959700,0.8461972656250012,-0.3737900214841589,0.4577256478101015,-1.2358619378879665
1639030314686107600,0.8663452148437543,-2.135192412051558,0.5517950936049223,-0.8306134962901472
1639030314706254600,0.8864921875000107,-3.68767612131834,0.1393956112086772,0.1397261218046769
1639030314726402600,0.9066401367187495,-2.5978701293110844,-0.240477566114068,0.0714885249460116
1639030314746549500,0.926787109375006,-1.4116250397682188,-0.1270177756726741,-0.4569666096037253
1639030314766697700,0.9469353027343743,-0.6673837127685547,0.3971042981088161,-1.052445106384158
1639030314786844400,0.9670820312500013,-0.8874959517240524,0.646674102216959,-1.5341776527255773
1639030314806992600,0.9872302246093767,-0.1165080812292639,0.2310550732523202,-1.8049512806430457
1639030314827139600,1.007377197265626,0.7402583948433399,-0.2790349680453539,-1.6828393971905111
1639030314847287600,1.027525146484379,-0.9317723158240316,-0.0173415954232215,-1.8271137203514576
1639030314867434500,1.0476721191406284,-1.257502984070778,-1.438820505207777,-2.3754443527162072
1639030314887582500,1.0678200683593744,-1.2896762379229068,-2.460567690989375,-2.0647060864180324
1639030314907729700,1.0879672851562532,-1.3682009085834026,-3.557247660419345,-0.8288570080116391
1639030314927876400,1.1081140136718801,-1.4007435802698134,-4.9418145973920815,1.1689219065591692
1639030314948024600,1.1282622070312556,-1.1385177082061766,-4.949241532522439,1.8100266842111945
1639030314968171500,1.1484091796875049,-0.8570050249356777,-4.810073300328851,0.6783107649743556
1639030314988319700,1.1685573730468803,-2.922782466912269,-3.840652514111996,-0.6299272578164935
1639030315008466400,1.1887041015625002,-3.8108676167011257,-2.0197838256299496,-1.6465867650702597
1639030315028614400,1.2088520507812532,-3.417533484780788,-1.306302378553152,-3.7724665743753314
1639030315048761600,1.228999267578125,-2.5329145497977734,-2.609928815895319,-5.11086300406456
1639030315068909600,1.249147216796878,-0.4238369683422148,-3.23880656465888,-5.031763163864612
1639030315089056500,1.269293945312505,1.0544127531953156,-4.2838153835624455,-2.1550003975883123
1639030315109204500,1.2894421386718804,3.0250869493499395,-5.207822326081991,2.32487911760509
1639030315129351700,1.3095891113281297,5.839525653660297,-3.664640698167681,5.6861927025139325
1639030315149498400,1.3297358398437495,6.549981615436077,-1.4917413635343313,5.13424972487092
1639030315169646600,1.349884033203125,5.108098215526342,-1.3237193773001432,4.136275921125709
1639030315189793500,1.3700310058593743,0.2285202940776944,-3.029977936261892,1.7265668952360749
1639030315209941500,1.3901789550781274,-1.5250842456877232,-4.746121344900131,-2.3435578068509697
1639030315230088400,1.4103259277343767,3.764410401430726,-1.2453133645832537,-1.8770657920002936
1639030315250236400,1.4304738769531298,5.513653531116247,1.7162515451878309,2.675548704536259
1639030315270383600,1.4506210937500015,5.232400302499532,3.160422179251909,3.6161768192499872
1639030315290531600,1.4707690429687545,4.393686794123053,3.9253795465439554,1.978530316482484
1639030315310678500,1.490916015625011,3.5194928070425986,4.160449700656533,0.5359104189917445
1639030315330826500,1.5110639648437498,3.042150604614615,4.895151630416512,0.5774836981454864
1639030315350973700,1.5312111816406286,3.4266917737483977,3.996047073963284,1.1438628686264156
1639030315371121700,1.5513591308593746,3.469276531499624,4.10543742300868,1.3251827278509736
1639030315391268600,1.571506103515631,2.950805615347624,4.475134658753872,0.8118579424157738
1639030315411415600,1.5916530761718803,1.1026286487013102,5.712244843137264,0.2724000600755215
1639030315431563500,1.6118010253906263,-0.5497901835232972,5.390941928204894,-0.460632182906568
1639030315451710500,1.6319479980468756,-1.9599772994428872,4.4652568233400585,-0.6063417995676398
1639030315471858400,1.6520959472656287,-2.411682371789217,3.779114049565792,-1.1368000906333326
1639030315492005600,1.6722431640625004,-1.1984101591110228,4.36668655899465,0.1629658718883991
1639030315512153600,1.6923911132812535,1.7893635431498287,5.916053013023734,2.737886795027554
1639030315532296200,1.7125336914062501,-0.4461357477813958,-1.6791770752906798,5.224263757795095
1639030315552444200,1.7326816406250032,-7.551449398776889,-25.707721621227265,-2.971187309119105
1639030315572591400,1.7528288574218749,5.833528459072113,-13.769963263618946,-8.318928978022932
1639030315592739300,1.772976806640628,0.0288461552560329,6.941097486785054,1.316933078160882
1639030315612886300,1.7931237792968773,1.0223711628988386,9.217382377091049,4.327760323750972
1639030315633033200,1.8132707519531266,2.1703566644132137,7.344148126077651,5.503329705500603
1639030315653181400,1.833418945312502,1.5536027764245868,2.738186947017908,5.695209537184238
1639030315673328000,1.853565673828129,1.5144190592885016,-4.446747937703132,4.425615425564349
1639030315693476000,1.873713623046875,1.5314464741960168,-10.867690500772,2.301913983211666
1639030315713623300,1.8938608398437538,2.1181147282615305,-2.4286808528631925,-2.068325884350389
1639030315733771300,1.9140087890624997,1.5558207447350023,1.8749620977193115,-3.42750835082829
1639030315753918200,1.9341557617187561,3.178028563091159,2.425806174209714,-3.5978713472306727
1639030315774066200,1.954303710937502,4.196975889021158,0.8208943585693835,-3.331469650787115
1639030315794213400,1.974450927734381,3.298005188080668,-0.6804355020433664,-2.558801855248213
1639030315814360000,1.9945976562500007,2.0551649356126784,-0.4527607188791036,-1.3441925487473607
1639030315834508300,2.014745849609376,0.1452723212223499,1.1839625315636395,0.0698947164159268
1639030315854655200,2.0348928222656255,-1.2569371668815612,1.9562135629951956,0.684285455469787
1639030315874803200,2.0550407714843786,-2.934029252591729,1.4692606516569853,0.6691612438350916
1639030315894950100,2.075187744140628,-4.010318175899982,0.769714206430316,0.4424591050952672
1639030315915098000,2.095335693359381,-2.3681448433578014,0.7214099019885063,-0.5989946516752243
1639030315935245300,2.1154829101562527,-0.4200011530390009,1.267797583591938,-1.002750224366784
1639030315955393300,2.1356308593750057,0.157624474327825,0.8314210132807492,-1.3087389580503106
1639030315975540200,2.155777832031255,0.2327390808165073,-0.3583668634355068,-2.1456126837790013
1639030315995688200,2.175925781250001,0.4662731114029884,-1.0953303083866834,-2.5286729667052623
1639030316015835400,2.19607299804688,-0.184762766220048,-1.4739555314749475,-1.960142426876724
1639030316035982000,2.2162197265624997,-1.2907283773243428,-1.6835171503216029,-1.3793307898849247
1639030316056130000,2.2363676757812527,-1.8924105145178731,-1.9670389083921909,-1.00549923081398
1639030316076277200,2.2565148925781244,-2.554379362630844,-3.1588287725806232,-0.8212345503091811
1639030316096425200,2.2766628417968775,-2.7773569278895853,-4.5038288383185865,0.6794223064128309
1639030316116572200,2.296809814453127,-0.7767473199374973,-6.76400372082293,1.752417814198881
1639030316136720100,2.31695776367188,1.5619969491519032,-6.539280188679695,-0.144882445121929
1639030316156867300,2.3371049804687516,-0.1034115668967366,-4.393049665263295,-0.798833479539305
1639030316177015300,2.3572529296875047,-3.636041795670986,-3.2927287089824677,-0.0930146029796451
1639030316197162200,2.377399902343754,-4.828136780285835,-3.5710195806622504,-0.445855761796236
1639030316217310200,2.3975478515625,-5.075175604611635,-4.128119210416078,-2.9368980860263108
1639030316237457200,2.417694580078127,-3.536537465345859,-2.744149070292711,-5.000432206055522
1639030316257604400,2.4378417968750057,0.4162222555547952,-0.0777086781024932,-3.294490457957983
1639030316277752000,2.4579895019531293,5.458188833525776,-0.2999900777906179,1.7197987162753938
1639030316297899300,2.478136718750001,11.996861703962088,-2.7720453774780034,6.182742294237017
1639030316318047200,2.498284667968754,9.324107890841365,-1.2789514302909373,5.335924974381923
1639030316338194200,2.5184316406250105,1.967970928545296,-1.452889947092533,2.45419815595746
1639030316358342100,2.5385795898437493,-6.679290716916323,-4.667546989879011,-1.1206602722153067
1639030316378489300,2.558726806640628,1.5542951426029203,-1.7762229065477848,-3.010190116730332
1639030316398637300,2.578874755859381,4.98741841070354,2.6872674916416406,1.333324533252418
1639030316418784300,2.5990217285156305,4.232789545202255,3.560715044268965,3.539385548253357
1639030316438931200,2.61916870117188,4.441894067931175,2.848992423558235,2.5035253737062213
1639030316459079200,2.639316650390626,4.359345548582077,2.5592203729212284,0.923972455728054
1639030316479226400,2.6594638671875046,3.3636417355954644,2.672595992210508,0.8005269855841994
1639030316499374000,2.679611572265628,3.118109224179387,3.4853146431088446,0.5581006234899163
1639030316519521300,2.6997587890625,3.1377596810668704,3.835743699282408,0.2101724442213773
1639030316539669800,2.719907226562505,2.526827338838577,4.804312837105989,0.0795779791057109
1639030316559817000,2.7400544433593765,1.0235597881615162,6.242676246196031,-0.2348173483952879
1639030316579965000,2.7602023925781296,0.5390402414500713,6.685442225283384,-0.7644120083689689
1639030316600111600,2.7803491210937494,-0.6421247683495283,5.564568310317397,-1.152105504053831
1639030316620259800,2.800497314453125,-0.828282715255022,4.452691356277466,-1.132166585613787
1639030316640406800,2.8206442871093813,-1.3721703967362642,5.342289248716831,-0.8130296165436506
1639030316660554000,2.840791503906253,-2.131658977228403,6.544425734874606,-0.6545695316419005
1639030316680701700,2.8609392089843766,1.8151269299596544,-6.925005599161982,4.806915420819819
1639030316700849000,2.8810864257812554,-4.761139465811849,-33.221460590291024,-0.690570819349587
1639030316720996900,2.9012343750000014,6.424296549671888,-5.612966722783446,-6.005336978107691
1639030316741144000,2.92138159179688,-0.95051910187006,9.855011003065108,2.0623402340695263
1639030316761291800,2.941529296875011,0.7849433397442102,10.510101051449777,1.7577284878276287
1639030316781438700,2.961676269531253,1.2876046923458575,5.878865145879984,2.6662001536935565
1639030316801587000,2.9818244628906285,1.7676272198989986,1.7271610617369413,3.151554982185364
1639030316821733600,3.0019711914062555,1.5059297556236386,-5.880734446883201,2.3451031365968285
1639030316841880800,3.022118408203127,0.4236950756534934,-11.08399048796296,1.3856181995913386
1639030316862028800,3.0422663574218802,0.7527503582783043,-1.109930496147275,-0.3095931148510426
1639030316882176000,3.062413574218752,1.4471277303040029,2.967937367412448,-0.6390738563463092
1639030316902323700,3.0825612792968755,2.09833655334115,3.4558430494308467,-0.8503153911039233
1639030316922471000,3.1027084960937543,3.089343148422241,1.233044834640622,-1.152358821227774
1639030316942619000,3.1228564453125003,1.7125452380158006,-0.2669540696293115,-1.3424752234354616
1639030316962765800,3.1430034179687496,0.8222767528384923,-1.2975818964809178,-0.5450669543936848
1639030316982913800,3.1631513671875027,0.0144926357328891,-0.5247065956711768,0.1192664308935403
1639030317003060700,3.183298339843745,-0.6542190377037972,0.5316828644245862,0.480723953820765
1639030317023208000,3.203445556640631,-1.1198941101484,1.285477617189288,0.5556369367901236
1639030317043356000,3.2235935058593768,-2.654640064281225,1.384715990054607,0.4683443647190928
1639030317063502800,3.243740478515626,-2.42738146070242,0.9360732278883456,-0.3902385039925575
1639030317083650800,3.263888427734379,-1.145704989361763,0.6638128685444593,-1.2456442039728164
1639030317103798000,3.284035644531251,-0.2398573883891105,0.4327238930225372,-1.7000979905053972
1639030317123945700,3.3041833496093744,-0.6998200014710426,0.5406605361282825,-1.967850809296965
1639030317144092700,3.324330322265631,-0.8167559435904026,0.3914893808364867,-2.1810750423043963
1639030317164241000,3.3444785156250063,0.5155202131202444,-0.388825714585185,-2.3661542540624736
1639030317184387800,3.3646254882812556,0.2276899807333946,-0.9412345561742782,-2.234443059876561
1639030317204534800,3.3847722167968755,-1.311459030663967,-1.7298831801772117,-2.147537806622684
1639030317224682800,3.404920410156251,-2.205578784441948,-2.418709493947029,-1.5754384683966636
1639030317244830000,3.4250673828125002,-2.473832246232033,-3.127798259022832,-0.8361696691125631
1639030317264978000,3.4452155761718757,-3.049527855384349,-3.551441019967198,0.1270551850736141
1639030317285124900,3.4653623046875026,-2.501428693687916,-5.74067598785162,0.2047504191726446
1639030317305272800,3.485510498046878,0.4455509336307645,-6.329050461313128,-2.913846004001796
1639030317325419800,3.505657226562505,-0.5882606378234922,-5.468540716192126,-3.4752287179023025
1639030317345568000,3.525805664062503,-2.20779412240386,-3.373687913313508,-1.8092849259331825
1639030317365714700,3.5459521484375003,-4.589809670203924,-2.286620406359434,-1.784504997202754
1639030317385862000,3.566099365234379,-3.7406244521737095,-3.3713200151383877,-3.41231808822006
1639030317406009900,3.586247314453125,-3.517342935532332,-3.385221114718914,-5.685012552818655
1639030317426156800,3.6063942871093744,-2.4619319650799034,-1.5668571025341749,-4.496187383654713
1639030317446304800,3.6265422363281274,2.1056091746926304,-3.354123381143808,0.2491477793037891
1639030317466452000,3.6466894531250063,11.229296784520148,-4.951424721780419,5.623933522477746
1639030317486600000,3.666837402343745,11.62180323344469,-1.791120031428337,5.833466499751806
1639030317506747000,3.6869843750000015,5.761385013881325,-1.67585699095726,4.1719545527502895
1639030317526895000,3.707132568359377,-3.435211764812469,-4.024661174029112,2.173750983026624
1639030317547041800,3.727279296875011,-1.1700099940568207,-5.824004259401559,-1.2600310412436724
1639030317567189000,3.7474265136718756,4.190969342082739,-0.8509189099550246,-1.6665253912493585
1639030317587337000,3.7675744628906287,5.428256052076816,2.374980242335796,1.3876798082962631
1639030317607484200,3.7877216796875004,5.772354151663184,1.8040864805072545,1.5394044474631547
1639030317627631900,3.807869384765631,6.611805326664447,1.591025329107046,0.4520005481615662
1639030317647779000,3.828016601562503,4.994584649071097,2.8253625416457653,0.8121139630034565
1639030317667927000,3.848164550781256,4.634268989655375,2.8681150571793315,1.4454077746435998
1639030317688074000,3.868311523437505,4.596425288951397,2.437322424480319,1.6587229008048772
1639030317708222000,3.888459472656251,4.810390111193061,3.4777953535199164,1.540954307253659
1639030317728369000,3.9086064453125005,4.2436043692052365,3.1200457451999184,1.455835060633719
1639030317748517000,3.928754638671876,4.101939059498906,2.7269717255204915,0.9662857761267571
1639030317768663800,3.948901367187503,3.4067005405992266,3.899404562810063,0.3988798929465934
1639030317788811000,3.9690485839843745,0.8269657874375581,5.603405698233843,-0.1842218642763793
1639030317808959000,3.9891965332031276,-2.679350142645836,5.956208497801423,-0.7971471338875591
1639030317829106200,4.009343749999999,-2.073808261284232,5.283778607559204,-1.5761211899638174
1639030317849254000,4.02949145507813,-5.410225889867544,4.182386222654581,-2.5600048012971874
1639030317869401000,4.049638671875009,-13.427829742103814,-0.4387877231061458,-5.034554840409755
1639030317889549000,4.069786621093755,-7.110745028394461,-10.290739338600634,-3.1516888376981016
1639030317909696000,4.089933593750011,4.94038251876235,-3.1658728458732366,2.968805966940522
1639030317929844000,4.11008154296875,-2.0848966415315866,6.766081111618876,4.711437861792743
1639030317949991000,4.130228515624999,-0.6514946542412042,2.7065169665127997,-2.0513529761090874
1639030317970139100,4.150376708984375,1.8089368431478736,0.9362386475831268,0.8506383394479751
1639030317990286000,4.170523681640631,1.5288836379706858,-3.171887576118112,1.5922887731716036
1639030318010433000,4.190670654296881,0.5949263793230056,-4.224894408038258,2.4973928623005746
1639030318030581000,4.2108186035156265,1.1248340507686136,-1.75323599871397,2.625352594998479
1639030318050728200,4.230965820312505,1.9560849681794643,0.4778063128083944,2.083937148849666
1639030318070876000,4.251113525390629,3.2934155222028494,0.3910696941196918,1.0317480630531906
1639030318091022800,4.271260498046878,4.265606649915874,-1.185384673321247,0.063119669323042
1639030318111171000,4.291408691406254,4.782232230462133,-2.951161589178443,-0.9289399419423192
1639030318131318000,4.311555664062503,4.766897590947151,-1.8316332436025144,-2.633300923654437
1639030318151466000,4.331703613281256,2.9623125132679937,1.447522282579541,-3.040206484809518
1639030318171613000,4.351850585937505,1.312416623649746,3.069838237485289,-2.043353209526837
1639030318191760100,4.371997558593755,0.2612324771121144,2.59472715511024,-0.989780779613182
1639030318211908000,4.39214575195313,0.1267372051656246,1.848840398991108,-1.4981255116134882
1639030318232055000,4.41229248046875,-1.1369013590507209,1.3099433654040098,-1.5980746630966662
1639030318252203000,4.4324406738281255,-0.6653202774327248,1.359001703083515,-1.15459702860862
1639030318272350000,4.452587402343752,0.561029406950809,1.7444319300115108,-0.4291092096567153
1639030318292498200,4.47273583984375,3.157751498737931,1.0511521439641711,0.3576087385445833
1639030318312644900,4.492882324218755,1.454266496142745,-0.495002362281084,0.6567910070836543
1639030318332793000,4.51303051757813,-1.4875637855887411,-1.5017425330668688,-0.3694271866321563
1639030318352940000,4.5331774902343795,-1.714233191102743,-0.968941478267312,-1.2098758482381702
1639030318373088000,4.5533254394531255,0.7787234423160553,-0.0262795196384191,-0.7502718393355607
1639030318393235000,4.573472412109375,1.97616095700264,-0.5741150619626045,-0.5944812659040093
1639030318413382100,4.593619628906254,1.2355115170150994,-1.0967337454438209,-1.121683770044148
1639030318433530000,4.613767578125,0.7932190006583929,-0.3328805400013923,-1.4755346173599362
1639030318453677000,4.633914550781256,0.2338812365889549,0.3671855451852083,-1.0652239239364862
1639030318473825000,4.654062500000002,-0.0967243442177772,0.6848574101388454,-0.4480047565236687
1639030318493972000,4.674209472656251,-0.0015665917295962,1.021081999871135,-0.2293094716940075
1639030318514120200,4.694357666015627,-0.3724445616919547,1.1113988151341676,-0.2613775116059929
1639030318534267100,4.714504638671876,-0.8706851021766662,1.1606108820706604,-0.7532587461918592
1639030318554415000,4.734652587890629,-1.1693279300767927,0.6668301705390215,-1.306456984592974
1639030318574562000,4.7547995605468785,-0.9806852536834776,0.3721539812475443,-1.532745574095845
1639030318594709200,4.77494677734375,-0.8101109526179731,-0.1442500655025243,-1.491290843287855
1639030318614857200,4.795094726562503,-0.7820410424314439,-0.4192904109537601,-1.3773195961929856
1639030318635004200,4.81524169921876,-1.479740544617176,-0.286748318901658,-0.797996882584691
1639030318655152000,4.835389648437506,-2.524869190508127,-0.5959358486264944,-0.0500530478052794
1639030318675299000,4.855536621093755,-3.5972879943847653,-1.592525212275982,-0.3535407584533095
1639030318695447300,4.87568481445313,-3.313776173186302,-2.1660481535643337,-1.920826461663097
1639030318715594000,4.89583154296875,-1.5758081784918905,-2.0308353809982536,-3.3653143449828025
1639030318735742200,4.915979736328126,-0.4990699039809405,-2.339517299288511,-4.627601640720665
1639030318755889200,4.936126708984375,-0.7021006597541273,-3.0643934160828588,-5.54839400510788
1639030318776036000,4.956273681640624,-1.92009829351902,-4.280478348094225,-5.014546656125783
1639030318796184000,4.976421630859377,-1.5418099011696875,-4.395454388317465,-4.146593024739623
1639030318816331300,4.996568847656256,0.1636472782813012,-2.68890824458599,-4.086939058765768
1639030318836479200,5.016716796875009,1.2690250795602798,-1.5139011728942393,-3.8013551074683662
1639030318856626000,5.036863525390629,1.8425322387576104,-0.5029881003379821,-2.394766892823577
1639030318876774100,5.0570117187500045,1.6592162372797727,-0.7629986344397067,-0.0181211284283548
1639030318896921000,5.077158691406254,0.4732593170285225,-2.614098795056343,1.3567626919850706
1639030318917069300,5.097306884765629,1.2874733210511504,-3.3237364261865614,0.4181020048867911
1639030318937216000,5.117453613281256,3.828848679071665,-3.402261096847057,-2.000814044483006
1639030318957364000,5.137601562500002,4.602696916566789,-1.454744050526619,-2.7416332880795
1639030318977511200,5.157748779296881,5.470607001072168,-1.0365542942911383,-2.476478084565699
1639030318997658000,5.17789575195313,4.670488888549804,-1.446608674865961,-1.7138704952701924
1639030319017806000,5.198043701171876,4.4892499856069685,-1.299327278843522,-0.9374120022114366
1639030319037953000,5.218190673828126,4.373383718545735,-0.4805371990770101,-0.0026488340083509
1639030319058101200,5.238338867187501,3.153769443364441,0.7399445065885781,0.8394895342502743
1639030319078248000,5.258485595703128,1.5767723473489283,1.176753623098135,1.4140189491674304
1639030319098396200,5.2786337890625035,2.242188559436798,1.0089356350034475,1.7614647517465054
1639030319118543000,5.29878076171876,3.282330064564943,0.8559323542028665,1.823046178651601
1639030319138691000,5.318928710937506,3.411932888294756,0.8383475976735353,1.55814261181131
1639030319158838000,5.339075683593755,3.0000381405502554,1.2965817795276642,1.2566644874200223
1639030319178986000,5.359223632812501,2.754869494010508,2.015401665022969,1.0981700618572532
1639030319199133200,5.37937084960938,2.143928091692924,2.514274731257557,1.214253040409088
1639030319219280100,5.399517578125,1.8285306014120577,2.9707641152709723,1.367502989447117
1639030319239428000,5.419665527343753,1.4925468346983193,3.0813918971568346,1.3838590809643267
1639030319259575000,5.439812500000002,0.9769982357338072,2.991540361317992,1.000841029744595
1639030319279723300,5.459960693359378,-0.2053346488013863,2.566455000349879,0.188405579701811
1639030319299870000,5.4801074218750045,-1.417960088008642,1.4195540792018175,-0.888938259486854
1639030319320018200,5.50025561523438,-1.8996064173713323,-0.4591682478338479,-1.6547132267720996
1639030319340165000,5.520402587890629,-2.061727070607245,-2.4058488433301446,-2.0291037349000574
1639030319360313000,5.540550537109375,-2.37313578351289,-2.1802876913189886,-1.3689027732424437
1639030319380460000,5.560697509765625,-3.843790227615833,-1.955240334048867,-1.5859090090066197
1639030319400608000,5.580845458984378,-4.477854146845639,-1.5286141733795404,-2.2401946091406044
1639030319420755200,5.600992675781249,-3.5866175472885367,1.0280401484459638,-1.9581299180105327
1639030319440902100,5.621139648437506,-1.6745666588857768,3.509299914330244,-0.7344531426306814
1639030319461050000,5.641287597656259,0.0519242485046386,3.1885213155329226,0.1757125407367944
1639030319481197000,5.661434570312501,2.634168938660621,-1.2228817525446414,-1.089898346465826
1639030319501345300,5.6815827636718765,5.295391888463497,-4.87380138387382,-1.9677555322289464
1639030319521492000,5.7017294921875035,1.088413953126967,-6.488259611016511,0.2791562563374638
1639030319541640000,5.721877441406249,-2.0609026024818418,-7.967464149060845,3.793302149394154
1639030319561787000,5.742024414062506,-2.0439985216930507,-1.4781296022891997,3.6957644429668783
1639030319581934800,5.762172363281245,2.986426671566069,3.8880256751835343,4.210768852052093
1639030319602082000,5.782319580078131,5.455879387539625,5.934097203758359,3.2893624474197622
1639030319622230000,5.802467529296877,7.90450938797593,4.331760791563988,-0.91172942555286
1639030319642377000,5.822614501953126,8.237760514855385,-1.7985832069158554,-4.580107191357016
1639030319662524000,5.842761474609375,5.908957501804828,-6.557479862236976,-6.813909615242481
1639030319682672000,5.862909667968751,2.815588166606426,-3.737349376025796,-4.249110857667029
1639030319702819000,5.883056640625,0.4852291562855243,0.1585205829173326,-0.145079648194462
1639030319722966800,5.903204345703131,1.6516817501217125,1.6408558202028274,2.03332252163887
1639030319743114000,5.9233515625000095,1.2501963143192232,1.3633183972388505,3.00086991519928
1639030319763262000,5.9434995117187555,0.2895896798074245,0.8222147935181856,2.065409120120853
1639030319783409000,5.963646484375005,0.014645780467987,-0.3305962284564971,1.1383176555894314
1639030319803556900,5.983794433593751,0.1270044777996838,-0.6351970149129629,0.5500938426449895
1639030319823704000,6.0039416503906295,-0.3557914599895477,-0.3423521327018737,0.1775502775579691
1639030319843852000,6.0240895996093755,-1.3599299238443374,0.1745277148663997,-0.9910108328647912
1639030319863999000,6.044236572265625,-1.0476070187032225,0.0294920519441366,-2.1956503878846765
1639030319884147000,6.064384521484378,-0.5007283387124538,0.440790295100212,-2.6936104309275746
1639030319904294000,6.084531494140627,-0.2130728418380021,0.6929618061393499,-2.776411755993962
1639030319924441000,6.104678710937506,-0.5099707988321781,0.6942851636976003,-2.351340131290257
1639030319944588800,6.12482641601563,-0.831900905752182,0.2056353853136301,-1.5917349386811257
1639030319964736000,6.144973632812501,-1.2814005770087242,0.6494850679844617,-0.8398375439703464
1639030319984884000,6.165121582031254,-2.398990063476562,0.7687140894770622,-0.9191333451338112
1639030320005031200,6.185268798828126,-2.314354800981283,0.9644862524241208,-1.5808862124085423
1639030320025179000,6.20541650390625,-0.0874994197547435,1.3337415896207094,-1.7871495203621683
1639030320045326000,6.2255637207031285,1.4068389745354652,1.5235136353701353,-1.433159995228052
1639030320065474000,6.245711669921874,0.9756838651996104,0.791715610358119,-1.6108201629012822
1639030320085621000,6.265858642578131,1.4935690173529088,0.1258703592032194,-2.0819008207164704
1639030320105769000,6.286006591796877,1.5229016409516334,-0.77476096842587,-1.989770964682102
1639030320125916000,6.306153564453126,1.3571265568614006,-1.2860580474257468,-1.764329055136442
1639030320146063000,6.3263005371093755,1.2906943289242685,-3.531908636501431,-1.2253813142754135
1639030320166210800,6.3464484863281285,1.842549774414301,-5.646378578519821,-1.8163142400480805
1639030320186358000,6.366595458984378,0.1743443211235106,-7.279536829957365,-0.7143572069980204
1639030320206506000,6.386743652343753,-2.350747279963642,-8.442764616528153,0.4073788777552545
1639030320226653200,6.40689062500001,-2.245075074658543,-7.137914774870872,-0.98262966574952
1639030320246801000,6.427038330078126,-2.6602245864152905,-4.138183508312702,-1.5170589062727986
1639030320266948000,6.447185546875005,-0.8407213410675525,-2.381452068698406,-1.56210537796244
1639030320287096000,6.467333496093751,0.2045744780838489,-1.1642688200563192,-1.5285637583665548
1639030320307243000,6.48748046875,-0.6932546516060829,-1.75254626288414,-1.5112803228713572
1639030320327391000,6.5076284179687605,-1.2158990540504455,-2.947639844793081,-1.7822963812425732
1639030320347538000,6.52777539062501,0.6217027425676583,-3.464966851606965,-1.9485574952840805
1639030320367686100,6.547923583984378,2.7246564343154427,-2.813234881478548,-1.3886661889851093
1639030320387832800,6.568070312500005,3.5065941625028847,-2.602584298351407,0.4066603542223572
1639030320407980000,6.588217529296877,3.880407601395249,-2.3930162497639653,2.081821471869945
1639030320428128000,6.60836547851563,3.8170384142905474,-2.717604177716374,3.2551021581605077
1639030320448275200,6.628512695312494,4.252278674048185,-2.4171961667746302,3.663182900574803
1639030320468423000,6.648660400390625,3.164309249818325,-2.90228562232852,2.855917254385352
1639030320488569900,6.668807373046874,1.5298931072741746,-2.0679764863908288,1.5682175772324205
1639030320508718000,6.68895556640625,2.6369948097363114,0.1937047090232372,1.461410376548022
1639030320528864300,6.709101806640625,4.899704471415281,1.0103478398889305,1.4987339989006518
1639030320549012500,6.72925,4.1763931197196245,1.7616607127100228,1.1170559641130269
1639030320569159400,6.74939697265625,4.021337582564354,2.044442466068268,1.521561624519527
1639030320589307600,6.769545166015625,4.436712865900993,1.9281915836036203,1.6164990853205323
1639030320609454300,6.789691894531245,4.022576768970489,2.773665087634325,1.7751035471290348
1639030320629602600,6.809840087890628,3.0500591857820747,3.893618380624056,2.4967531030923125
1639030320649749500,6.829987060546877,2.9760891096860167,4.694927748757601,2.5362568459630013
1639030320669896400,6.850134033203126,3.368213865816593,3.691448041072488,1.7108485171005128
1639030320690044400,6.870281982421879,3.3588188454836607,3.4251217479527,0.8861416875708847
1639030320710191600,6.890429199218751,1.4858768554151058,4.273784987935423,0.438050641003251
1639030320730339600,6.910577148437504,-0.4038882591605186,5.41176318243742,0.0670139733478426
1639030320750486300,6.930723876953131,-1.6115782877922058,4.424761731344462,-0.2939440756246447
1639030320770634500,6.950872070312499,-2.788241894519329,2.6237059968352314,-1.947798201349377
1639030320790781400,6.971019042968756,-1.3085954579263923,2.6704005279928444,-2.8035008384495974
1639030320810929700,6.991167236328131,0.4035620959460735,2.4312802217066287,0.2637494283691048
1639030320831076400,7.011313964843751,-3.946647960022092,-4.383739985126256,5.391090396764874
1639030320851224300,7.031461914062504,-3.915426892328262,-11.941861701273918,-3.902608911809325
1639030320871371500,7.051609130859376,5.046275673341751,-4.719800908729434,-4.252264645522833
1639030320891519500,7.071757080078129,0.397930812060833,1.831636750733852,1.4544704942822455
1639030320911666400,7.091904052734378,2.2010066542208198,3.9066456199795,2.1617798285953698
1639030320931813400,7.1120510253906275,1.3060194699585437,2.254942827069759,5.091462722545862
1639030320951961600,7.13219921875001,0.8620876619622111,-0.8471364688068628,4.72670878842175
1639030320972108300,7.15234594726563,0.9242173703998326,-3.737555712252855,3.4058690582111475
1639030320992256500,7.172494140625005,1.3865598643556236,-4.873874449110031,2.3301028436027464
1639030321012403500,7.192641113281255,2.3471876877859232,-2.269031558176875,0.8100980931363999
1639030321032551400,7.212789062500001,3.5642388344809413,0.2939414452761411,-1.161792493070662
1639030321052698400,7.23293603515625,3.3720939221203325,0.7561936305999756,-1.9360539875417944
1639030321072846300,7.25308398437501,3.093412589818239,-0.5775853684216737,-1.530111572330445
1639030321092993500,7.273231201171875,2.088831204501539,-0.7103180146098137,-0.7071184879161417
1639030321113141500,7.293379150390628,2.8232231915295123,-0.5762187562435865,-0.0120636550202965
1639030321133288400,7.313525878906255,1.5797762053400275,1.1311720216184853,0.9663744042582808
1639030321153436400,7.33367407226563,0.6602040303975343,1.8626888916015625,0.973201181538403
1639030321173583600,7.3538210449218795,0.3170674693197012,1.610437885585427,0.0437967638894915
1639030321193731600,7.373969238281255,-1.1073106690376997,1.1721066740751265,-0.6020771278604865
1639030321213878300,7.394115722656252,-2.806785266947746,0.4593687388420104,-1.1057646817047149
1639030321234025500,7.414262939453131,-2.993583265322447,0.1640273636400699,-0.1736645952310413
1639030321254173400,7.434410888671877,-1.568751537978649,1.0412614490687846,-0.2118044293373823
1639030321274320400,7.4545578613281265,-1.089058973032236,1.1277174972504376,-0.6070265669614077
1639030321294468400,7.4747058105468795,-0.5394003069341182,0.9030255292892456,-1.8585317719221115
1639030321314615600,7.494853027343751,-0.973156465613842,0.1681453203529119,-2.8581261626064776
1639030321334763500,7.515000976562504,-1.6498527811288832,-0.6975462113201618,-3.2638638490259644
1639030321354910500,7.535147949218761,-1.3161258534312248,-0.6335147609144449,-2.758761533012986
1639030321375058400,7.5552958984375,-0.5885317829150706,-1.4053893602490424,-1.866975775140524
1639030321395205400,7.575442871093756,-0.1174772093892097,-1.3941466662228106,-1.0845908877074717
1639030321415353600,7.595591064453124,-0.374555635561794,-1.8946832817554475,-0.189156233672332
1639030321435500300,7.615737792968751,-0.9374095910586416,-3.7958886587560174,1.081341238261759
1639030321455648500,7.635885986328127,-1.1265293103791774,-6.840221868106722,1.8609008391410111
1639030321475795500,7.656032958984376,0.2255060608230531,-7.691907670781016,-0.22800861822851
1639030321495943400,7.676180908203129,-2.0599581612385807,-6.0578609460711474,-1.627093252310157
1639030321516090400,7.6963278808593785,-4.932899469530582,-3.4469869582802057,-0.7295327834937722
1639030321536237300,7.716474853515628,-5.0854339637756345,-2.132725145155191,-1.589682390065491
1639030321556385300,7.736622802734381,-4.1678433180391785,-2.6334604981303213,-4.436257231087982
1639030321576532200,7.75676977539063,-4.684656530112028,-2.1251532485961917,-6.044439154440164
1639030321596680200,7.776917724609376,-4.01041520653367,-1.6429758810967203,-3.66220937936753
1639030321616827100,7.7970646972656255,1.6183055502206083,-4.284120503988862,0.8610065887272358
1639030321636975400,7.817212890625001,6.982606724259257,-5.884473048889637,6.754599348139762
1639030321657122000,7.837359619140628,12.233760242545603,-1.4635294145286082,6.818682820993661
1639030321677270300,7.85750781250001,8.673617445206641,0.7012538336664438,4.423208072161675
1639030321697417200,7.877654785156253,2.514722475025058,-0.6506342380195855,2.6467764912992715
1639030321717565200,7.897802734375006,-6.507811868226527,-5.017254161518812,0.2800201796904206
1639030321737712000,7.917949707031255,2.0474995155513285,-4.52206124510169,-1.3820707362428306
1639030321757860000,7.938097656250001,5.856095680189132,1.4709516734838486,1.5138479814022778
1639030321778007300,7.95824487304688,4.80602782433033,3.4880829387784003,3.736402450564504
1639030321798155300,7.978392822265626,4.936542209947109,3.349172480738163,2.2332000740781424
1639030321818302200,7.998539794921875,4.754963992047309,3.139816029074788,0.5970172141224146
1639030321838450200,8.018687744140628,3.311923238795996,3.1172032152503726,0.4018910209286958
1639030321858597400,8.0388349609375,3.004218641105294,3.717304951384664,1.4853841034621
1639030321878744000,8.058981689453127,3.138380443313717,4.235320524984598,2.3880565815299746
1639030321898892300,8.079129882812495,2.6165520334273573,5.105726225697994,1.9367858089476824
1639030321919039200,8.099276855468752,1.3150766366392372,5.703254311951994,0.8639183845207095
1639030321939187200,8.119424804687505,-0.0989016882568597,4.616510630124807,-0.5521326549962162
1639030321959334100,8.139571777343754,-2.0526549986183644,3.99234412779212,-1.1672323460370302
1639030321979482000,8.1597197265625,-3.0863790379196403,3.72091203596592,-1.216250643967092
1639030321999629300,8.179866943359379,-0.8910568590760231,4.746393732100725,0.3223044931903481
1639030322019777300,8.200014892578125,-1.835705023086071,4.336917443674802,3.3016678022414445
1639030322039924200,8.220161865234381,-3.9563551150441167,-8.584555013918877,2.838192797124386
1639030322060072200,8.240309814453127,0.7629810987830161,-17.791739237600563,-8.838981610408425
1639030322080219400,8.260457031250006,2.54955705704093,-1.7839444407105445,0.6354170874044299
1639030322100367400,8.280604980468752,0.1903413700699806,5.458373542442917,1.8660118985444307
1639030322120514000,8.300751708984379,2.959080107218027,5.352934561371803,3.267622617037594
1639030322140662300,8.320899902343754,1.315759942728281,1.7183932333916423,5.345432222917676
1639030322160809200,8.34104687500001,0.9656412676781416,-1.8857471111059187,3.894332374112308
1639030322180957400,8.361195068359379,0.8688400588318705,-5.140155734044313,2.5486282517582177
1639030322201104100,8.381341796875006,1.3467939634174109,-4.331491326972842,1.8857722455471757
1639030322221252000,8.401489746093745,1.5317404887065291,-1.054897760233283,0.8489372346185148
1639030322241399300,8.42163696289063,2.44711681939438,1.1956249123066662,-0.6613843262232839
1639030322261546200,8.44178369140625,2.763649305054545,1.6289268974781037,-1.7288626049578188
1639030322281694200,8.46193164062501,3.241441881598532,0.3814923029571771,-1.8981568030849096
1639030322301841200,8.482078613281253,3.2546915315330027,-0.6836649854838848,-1.6424653012260797
1639030322321989400,8.502226806640628,1.6291250503987074,-1.120937627851963,-0.7385179809167981
1639030322342136000,8.522373535156255,0.3193570415616035,0.7629705773890018,0.0030839374899864
1639030322362284300,8.54252172851563,0.3646587301213294,1.5827981835097074,-0.3114980716895312
1639030322382431200,8.56266870117188,-0.49678164691329,1.624988973507285,-0.7194879940152168
1639030322402579200,8.582816650390626,-1.6624679325520992,1.5450117659509182,-1.147030611942336
1639030322422726100,8.602963623046875,-2.714343130093813,1.1698071649610997,-1.1007535024791957
1639030322442874000,8.623111572265628,-2.8597265835404397,0.7869336367785931,-0.8590969557136297
1639030322463021300,8.6432587890625,-1.4958137275397776,0.6242191093027591,-1.27077806070745
1639030322483169300,8.663406738281253,-0.7592144397258758,0.5674310541540384,-1.7654054521963
1639030322503316200,8.683553710937503,-0.4956359840095043,0.0855658213436603,-2.127464740408957
1639030322523464200,8.703701660156256,-0.2390437339186668,-0.6572469341576099,-2.547842069816589
1639030322543612000,8.72384936523438,-0.4104419185876846,-1.0032926606804131,-2.3922666004404425
1639030322563760000,8.743997558593755,-0.4984031471678987,-0.5008540109187364,-1.153496666151285
1639030322583906800,8.764144287109374,-0.7787702040672302,-1.1522633249640464,-0.0062573068290948
1639030322604055000,8.78429248046875,-1.5134043292880055,-1.7941361643791198,-0.0927265067532658
1639030322624202000,8.804439453125006,-1.6727905891239645,-3.156397161519527,-0.07896423112154
1639030322644350000,8.824587402343745,-0.970598743955046,-5.7430269348919385,0.7537614350169897
1639030322664497000,8.844734375000002,1.0550643489718436,-6.71648384475708,-0.0478065840527415
1639030322684644000,8.86488159179688,0.0380032751798629,-5.952309152275324,-0.7233645431876182
1639030322704792000,8.885029541015626,-3.2190251748681065,-4.336721628841757,0.4258910878604278
1639030322724938800,8.905176269531253,-5.0650247974753375,-2.3679431833058597,0.0883518718656152
1639030322745087000,8.925324462890629,-3.6978397879362106,-2.375957562935352,-2.778667133705318
1639030322765234000,8.945471435546878,-4.018949226123095,-2.6096312942534685,-5.580066908222436
1639030322785382100,8.965619628906254,-4.966545134022832,-1.4007055863469835,-5.995887012717128
1639030322805528800,8.98576635742188,-1.6885516373574734,-3.1477257792860267,-2.228485028254985
1639030322825676800,9.005914306640626,3.5501030493617054,-4.570082640948892,3.016779724253714
1639030322845824000,9.026061523437505,11.394759733921289,-3.1994688260048627,7.883169662827253
1639030322865972000,9.046209472656251,11.014135445970297,0.5990174480289221,5.978062017691135
1639030322886119000,9.0663564453125,5.091230082833767,1.2205693839490412,4.344817549274862
1639030322906267000,9.086504394531254,-3.5797400627344844,-2.343859127885103,1.053931837810576
1639030322926414000,9.106651611328125,-3.755868783056736,-4.882319621372223,-2.8250378397360443
1639030322946562000,9.126799560546878,4.583135599267482,-0.4555114788919687,-2.303565988202393
1639030322966709000,9.146946533203128,5.527519559383392,2.717659122774005,2.828130545054376
1639030322986857000,9.16709448242188,4.417823456513881,2.5569226173728703,4.101674563343822
1639030323007004000,9.18724145507813,4.009862833347916,2.1609107906758784,2.274527817505598
1639030323027152100,9.207389648437506,3.673732936161756,2.2930425483614205,0.1157800500825047
1639030323047298800,9.227536376953125,3.1276030287116763,3.830432733392715,0.7040408340364694
1639030323067447000,9.2476845703125,2.674236745154857,5.218140306478738,0.5961196807608008
1639030323087594000,9.26783154296875,2.323534717258811,4.177704202318191,0.7538248556420206
1639030323107741000,9.287978515625,1.648773169198632,4.119193561160564,1.009244554822147
1639030323127889000,9.308126464843753,0.6412222665518522,5.105430457621813,0.797277043877542
1639030323148036000,9.328273681640631,-0.1742038897395134,5.1250540265023705,0.2376224689438938
1639030323168184000,9.348421630859377,-1.7972300387412308,4.349202340230345,-0.4886515319496393
1639030323188331000,9.368568603515627,-3.907136033844948,4.1192379848241805,-0.8808695193216204
1639030323208479000,9.38871655273438,-2.422504794576764,4.197973667886853,-0.1634664418216794
1639030323228626000,9.408863525390629,-4.023258906015753,0.1113116724967956,3.9784114640295503
1639030323248774100,9.429011718750004,-2.4197978737056256,-14.938637625157831,-2.397349018271268
1639030323268920800,9.449158447265624,7.490727511310577,-10.908667823326589,-3.9201489524140953
1639030323289069000,9.469306640625,-0.5973731879532337,3.084781539595127,1.9581252418354151
1639030323309216000,9.489453613281256,2.3802929617911577,5.919682309436798,1.2366925434932112
1639030323329364000,9.509601562500002,1.254319093337655,4.182210866087675,4.4112437858626246
1639030323349511000,9.529748535156259,0.4313432523190975,0.2287257535219192,4.5594960727438325
1639030323369659000,9.549896484375004,0.4936091543570161,-2.229171841475368,3.185536746764183
1639030323389806000,9.570043701171876,0.97595749450922,-4.592327790504694,2.239739412719011
1639030323409954000,9.59019165039063,1.6614380049824713,-3.413722402060032,1.2770470579743385
1639030323430101000,9.610338623046879,2.0558611011832952,0.2638046656876802,-0.5716890038594603
1639030323450249000,9.630486572265625,2.6402675477966664,1.5526351004362104,-2.0500855865217744
1639030323470396200,9.650633789062503,2.837211384871602,0.7231605450481176,-2.347930615107715
1639030323490543900,9.670781494140627,3.002005056709051,-0.6312269422382116,-2.1088762136645616
1639030323510690800,9.690928466796876,2.813158309110999,-1.5398188734829426,-1.6116034222334623
1639030323530839000,9.711076660156259,1.378993666885048,-0.9052718469113112,-0.4355046828474849
1639030323550986000,9.731223632812501,-0.0121175771646201,0.6944757178336382,0.4919431208409369
1639030323571134000,9.751371582031254,-0.9291811302870512,1.8959248062491416,0.5701452815487981
1639030323591281000,9.771518554687503,-1.7660639161050318,1.7230238158017397,0.2865592991355806
1639030323611428900,9.79166650390625,-2.6352894671231506,1.750845304185152,-0.4030789886042475
1639030323631576000,9.811813720703128,-2.367181551283598,1.6120318767786026,-0.8731059726480395
1639030323651723800,9.831961425781245,-2.144308030921221,1.4511656075179575,-1.6387746300145982
1639030323671871000,9.85210864257813,-0.8988204788148403,0.7556611311584711,-2.3402640260025858
1639030323692018000,9.87225537109375,-0.5531634593486786,0.1085059674263,-2.417047990475595
1639030323712166100,9.892403808593755,-0.5955833819270133,-0.1069686748564243,-2.3796382972747088
1639030323732312800,9.91255029296876,-0.8003811473727226,-0.34034488453269,-2.2086738278478384
1639030323752461000,9.932698486328128,-0.9139888218522072,-1.5856161635398864,-1.7400597062766552
1639030323772608000,9.952845458984378,-0.3274164293766021,-1.6490204219579696,-1.1559057731196285
1639030323792756000,9.97299340820313,-0.5222353101868182,-1.811165040591359,-0.4058332557484507
1639030323812903000,9.99314038085938,-1.331599316895008,-3.0288731898903847,0.5492004009366035
1639030323833051000,10.013288330078126,-1.7029250306248664,-5.412565730991959,1.4697060573369265
1639030323853198000,10.033435546875005,0.5782708664678037,-6.351731079676747,-0.4884887791359796
1639030323873345800,10.053583251953128,-0.3714565005026757,-5.8799149471938605,-1.3904089409992098
1639030323893493000,10.07373046875,-4.535111280810833,-4.1052965532332655,0.5403585940396413
1639030323913641000,10.09387841796876,-5.642181711351872,-2.131884602677822,-0.353539881670475
1639030323933788200,10.114025634765625,-3.666310677206516,-2.7161586550831798,-4.242584086246788
1639030323953936000,10.134173339843755,-3.319889103108644,-3.3554958385407923,-6.426220211210847
1639030323974083000,10.154320556640627,-4.663918277987838,-2.0253122336626053,-4.207502543732524
1639030323994231000,10.17446850585938,-0.1705529660165309,-3.5594203282833097,-0.3270110634461045
1639030324014378000,10.19461547851563,4.2303672864913935,-4.8152463190525765,5.6551247795552015
1639030324034526000,10.214763427734376,11.708448082196712,-2.20318750539124,8.595286251291633
1639030324054673000,10.234910400390625,9.460670324450732,0.3574520866781473,6.160318865504861
1639030324074821000,10.25505859375,2.675177240875364,0.2563222009778023,3.208489167806506
1639030324094967800,10.275205322265627,-6.499016567352414,-4.627297397077084,0.1245848494373261
1639030324115115800,10.29535327148438,-0.4245981619730591,-4.806499533495307,-3.0824212402045723
1639030324135263000,10.315500488281245,5.709252091062068,0.9618798693180084,0.4108839632667601
1639030324155411000,10.335648437500005,5.271722259062528,3.632858489459753,4.315612205317616
1639030324175558000,10.355795410156254,4.707760926845669,3.4104069939017294,3.153814159289002
1639030324195705900,10.375943359375,4.162072917944193,3.0519010142564773,0.7232429626345634
1639030324215853000,10.39609057617188,2.984127454712987,3.211325852537155,-0.0353770183295011
1639030324236001000,10.416238525390625,2.8934733703196045,4.655029453611373,0.9000751550510525
1639030324256148000,10.436385498046874,2.9680922657132145,5.059772283774614,1.3892612322688105
1639030324276296000,10.456533447265628,2.961359158065915,4.485721519219875,1.403832778456807
1639030324296443000,10.476680419921877,1.9323019415318965,4.201190291845799,0.9996583958312868
1639030324316591000,10.496828613281245,1.0893670160681008,4.389426798591018,0.4855325231462716
1639030324336737800,10.51697534179688,-0.0281359611600637,4.238549423903226,0.0098711134120821
1639030324356886000,10.537123535156255,-2.959977348318696,3.610970482778549,-0.6549278435602783
1639030324377033000,10.557270507812504,-3.857804724442959,3.747628193455934,-0.5904404295479878
1639030324397181000,10.57741845703125,-2.1398072123706338,4.0768659930408,0.9230714152351022
1639030324417327900,10.5975654296875,-3.6979461709201336,-0.8247831827014684,6.7166685536742206
1639030324437475800,10.617713378906252,-3.564546585255861,-16.403185276818274,-0.652407092911005
1639030324457623000,10.637860595703131,6.339065659371018,-7.542917132753133,-4.103456186063587
1639030324477771000,10.658008544921877,-1.4646815071731805,4.210032354471087,1.081753618454933
1639030324497918000,10.678155517578126,2.5032284365862605,5.520964146390557,0.0810475402016192
1639030324518066000,10.69830346679688,1.4489613754719497,2.568939802902937,2.7105297092854976
1639030324538212600,10.7184501953125,1.1739774363830684,-1.3507172743409872,2.839612016272545
1639030324558360300,10.73859790039063,1.7690651437476277,-3.7543262297898528,1.6259133948758244
1639030324578507500,10.758745117187502,1.4623317291766404,-3.875767666634917,0.8020134247496724
1639030324598655500,10.778893066406255,1.5087269851267338,-1.2869850991427898,0.1404728850513696
1639030324618802400,10.799040039062504,2.2146832973957062,0.7379612238168716,-1.0082684032663702
1639030324638950400,10.81918798828125,2.5593279249489305,1.404315593537688,-1.8297298941992224
1639030324659097300,10.8393349609375,2.4976655417621134,0.3899170169532299,-2.117799232571572
1639030324679245600,10.859483154296875,2.6394635379374027,-0.6549719749629497,-1.9247002343565225
1639030324699392500,10.879630126953131,1.832694881484657,-0.6762684454917908,-0.9030891691099852
1639030324719540500,10.899778076171877,1.5065141313828527,0.0586082563132047,0.4609575424034148
1639030324739688400,10.91992602539063,0.588032528156042,0.7004056924045086,1.0590051955521107
1639030324759835400,10.94007299804688,0.1922456693213433,1.318147130125761,0.5614416775461286
1639030324779983600,10.960221191406255,-0.7259417001992463,1.296145726197958,-0.5081465060144662
1639030324800130300,10.980367919921875,-1.4199392791271208,1.0854460432320832,-0.9936635393306612
1639030324820278500,11.00051611328125,-2.80780467312336,0.557922052052617,-0.8623036428004502
